{
  "IOT2": {
    "P1": {
      "Date": {
        "previousDate": 1,
        "previousDay": 4
      },
      "Ta": 304.1936,
      "Tb": 175.76335,
      "Tc": 132.99333,
      "Td": 115.05286,
      "Te": 46.54844,
      "Tf": 30.91276,
      "Tg": 18.79018,
      "Th": 20.3428,
      "Ti": 20.2926,
      "Tj": 19.79322,
      "Tk": 23.36569,
      "Tl": 22.16311,
      "Tm": 26.6003,
      "Tn": 30.11627,
      "To": 26.63006,
      "Total": {
        "Ft": 5.22,
        "Mt": 4.23,
        "SUt": 0,
        "St": 0,
        "TUt": 12.23,
        "Tt": 1027.67786,
        "Wt": 26.45
      },
      "Tp": 14.11929,
      "Tq": 0,
      "Tr": 0,
      "Ts": 0,
      "Tt": 0,
      "Tu": 0,
      "Tw": 0,
      "Tx": 0,
      "Ty": 0,
      "Tz": 0,
      "state": {
        "switchState": "0"
      }
    },
    "P2": {
      "Date": {
        "previousDate": 1,
        "previousDay": 4
      },
      "Ta": 6259.58643,
      "Tb": 5863.77881,
      "Tc": 4942.15869,
      "Td": 0,
      "Te": 0,
      "Tf": 2293.84814,
      "Tg": 45.68494,
      "Th": 442.02563,
      "Ti": 0,
      "Tj": 0,
      "Tk": 0,
      "Tl": 0,
      "Tm": 0,
      "Tn": 0,
      "To": 0,
      "Total": {
        "Ft": -250,
        "Mt": 4624,
        "SUt": 4100,
        "St": 22550,
        "TUt": -4665,
        "Tt": 19847.08203,
        "Wt": -665782.6875
      },
      "Tp": 0,
      "Tq": 0,
      "Tr": 0,
      "Ts": 0,
      "Tt": 0,
      "Tu": 0,
      "Tw": 0,
      "Tx": 0,
      "Ty": 0,
      "state": {
        "switchState": "0"
      }
    },
    "P3": {
      "Date": {
        "previousDate": 1,
        "previousDay": 4
      },
      "Ta": 1498.1792,
      "Tb": 1573.61816,
      "Tc": 1280.90759,
      "Td": 338.5235,
      "Te": 830.98657,
      "Tf": 936.41241,
      "Tg": 1198.70386,
      "Th": 1619.71753,
      "Ti": 1387.99683,
      "Tj": 1388.20081,
      "Tk": 310.99451,
      "Tl": 0,
      "Tm": 0,
      "Tn": 0,
      "To": 0,
      "Total": {
        "Ft": -300,
        "Mt": -1071.75012,
        "SUt": 0,
        "St": 16498.20508,
        "TUt": -20,
        "Tt": 12364.24121,
        "Wt": 205.16263
      },
      "Tp": 0,
      "Tq": 0,
      "Tr": 0,
      "Ts": 0,
      "Tt": 0,
      "Tu": 0,
      "Tw": 0,
      "Tx": 0,
      "Ty": 0,
      "state": {
        "switchState": "0"
      }
    },
    "P4": {
      "state": {
        "switchState": "0"
      }
    }
  }
}